mcp_match_id;mcp_date;mcp_tournament;mcp_round;mcp_surface;mcp_best_of;mcp_players;status;method;candidate_count;candidate_context_ids;context_match_id;context_tournament_date;context_tournament;context_round;context_surface;context_best_of;context_players;context_source_file;date_offset_days;surface_agrees;round_agrees;tournament_agrees;best_of_agrees;review_status;review_notes
20170714-M-Wimbledon-SF-Marin_Cilic-Sam_Querrey;14/07/2017;Wimbledon;SF;Grass;5;Marin Cilic | Sam Querrey;matched;exact_pair_date_unique;1;sackmann:atp:tour:2017-540:224;sackmann:atp:tour:2017-540:224;03/07/2017;Wimbledon;SF;Grass;5;Marin Cilic | Sam Querrey;atp/atp_matches_2017.csv;11;VERDADEIRO;VERDADEIRO;VERDADEIRO;VERDADEIRO;confirmed;
20250511-M-Rome_Masters-R32-Holger_Rune-Corentin_Moutet;11/05/2025;Rome Masters;R32;Clay;3;Holger Rune | Corentin Moutet;matched;exact_pair_date_unique;1;sackmann:atp:tour:2025-0416:345;sackmann:atp:tour:2025-0416:345;07/05/2025;Rome Masters;R32;Clay;3;Corentin Moutet | Holger Rune;atp/atp_matches_2025.csv;4;VERDADEIRO;VERDADEIRO;VERDADEIRO;VERDADEIRO;confirmed;
19750703-M-Wimbledon-SF-Tony_Roche-Arthur_Ashe;03/07/1975;Wimbledon;SF;Grass;5;Tony Roche | Arthur Ashe;matched;exact_pair_date_tournament_round_unique;2;sackmann:atp:tour:1975-350:58 | sackmann:atp:tour:1975-540:126;sackmann:atp:tour:1975-540:126;23/06/1975;Wimbledon;SF;Grass;5;Arthur Ashe | Tony Roche;atp/atp_matches_1975.csv;10;VERDADEIRO;VERDADEIRO;VERDADEIRO;VERDADEIRO;confirmed;
19901112-M-Tour_Finals-RR-Pete_Sampras-Andre_Agassi;12/11/1990;Tour Finals;RR;Hard;3;Pete Sampras | Andre Agassi;matched;exact_pair_date_unique;1;sackmann:atp:tour:1990-605:13;sackmann:atp:tour:1990-605:13;12/11/1990;Tour Finals;RR;Carpet;3;Andre Agassi | Pete Sampras;atp/atp_matches_1990.csv;0;FALSO;VERDADEIRO;VERDADEIRO;VERDADEIRO;confirmed;"Same match; MCP says Hard and context says Carpet."
20240906-M-US_Open-SF-Jack_Draper-Jannik_Sinner;06/09/2024;US Open;SF;Hard;5;Jack Draper | Jannik Sinner;matched;exact_pair_date_unique;1;sackmann:atp:tour:2024-560:224;sackmann:atp:tour:2024-560:224;26/08/2024;Us Open;SF;Hard;5;Jannik Sinner | Jack Draper;atp/atp_matches_2024.csv;11;VERDADEIRO;VERDADEIRO;VERDADEIRO;VERDADEIRO;confirmed;
20220516-W-Rabat-R32-Catherine_Harrison-Kristina_Kucova;16/05/2022;Rabat;R32;Clay;3;Catherine Harrison | Kristina Kucova;matched;exact_pair_date_unique;1;sackmann:wta:tour:2022-1005:272;sackmann:wta:tour:2022-1005:272;16/05/2022;Rabat;R32;Clay;3;Kristina Kucova | Catherine Harrison;wta/wta_matches_2022.csv;0;VERDADEIRO;VERDADEIRO;VERDADEIRO;VERDADEIRO;confirmed;
19821213-M-Australian_Open-F-Steve_Denton-Johan_Kriek;13/12/1982;Australian Open;F;Grass;5;Steve Denton | Johan Kriek;matched;exact_pair_date_unique;1;sackmann:atp:tour:1982-580:95;sackmann:atp:tour:1982-580:95;02/12/1982;Australian Open;F;Grass;5;Johan Kriek | Steve Denton;atp/atp_matches_1982.csv;11;VERDADEIRO;VERDADEIRO;VERDADEIRO;VERDADEIRO;confirmed;
20190306-W-Indian_Wells-R128-Caty_Mcnally-Bernarda_Pera;06/03/2019;Indian Wells;R128;Hard;3;Caty Mcnally | Bernarda Pera;matched;exact_pair_date_unique;1;sackmann:wta:tour:2019-M006:195;sackmann:wta:tour:2019-M006:195;04/03/2019;Indian Wells;R128;Hard;3;Bernarda Pera | Caty Mcnally;wta/wta_matches_2019.csv;2;VERDADEIRO;VERDADEIRO;VERDADEIRO;VERDADEIRO;confirmed;
20220210-W-St_Petersburg-R16-Jelena_Ostapenko-Andrea_Petkovic;10/02/2022;St Petersburg;R16;Hard;3;Jelena Ostapenko | Andrea Petkovic;matched;exact_pair_date_unique;1;sackmann:wta:tour:2022-1086:289;sackmann:wta:tour:2022-1086:289;07/02/2022;St. Petersburg;R16;Hard;3;Jelena Ostapenko | Andrea Petkovic;wta/wta_matches_2022.csv;3;VERDADEIRO;VERDADEIRO;VERDADEIRO;VERDADEIRO;confirmed;
20200110-W-Shenzhen-SF-Elena_Rybakina-Kristyna_Pliskova;10/01/2020;Shenzhen;SF;Hard;3;Elena Rybakina | Kristyna Pliskova;matched;exact_pair_date_unique;1;sackmann:wta:tour:2020-1063:298;sackmann:wta:tour:2020-1063:298;06/01/2020;Shenzhen;SF;Hard;3;Elena Rybakina | Kristyna Pliskova;wta/wta_matches_2020.csv;4;VERDADEIRO;VERDADEIRO;VERDADEIRO;VERDADEIRO;confirmed;
20150502-W-ITF_Charlottesville-SF-Elizaveta_Ianchuk-Allie_Kiick;02/05/2015;ITF Charlottesville;SF;Clay;3;Elizaveta Ianchuk | Allie Kiick;matched;exact_pair_date_unique;1;sackmann:wta:qual_itf:2015-W-C50-USA-03A-2015:30;sackmann:wta:qual_itf:2015-W-C50-USA-03A-2015:30;27/04/2015;Charlottesville VA $50K;SF;Clay;3;Allie Kiick | Elizaveta Ianchuk;wta/wta_matches_qual_itf_2015.csv;5;VERDADEIRO;VERDADEIRO;FALSO;VERDADEIRO;confirmed;The name seems differente, but the match seems correct
20231109-W-BJK_Cup_Finals-RR-Magda_Linette-Leylah_Fernandez;09/11/2023;BJK Cup Finals;RR;Hard;3;Magda Linette | Leylah Fernandez;matched;exact_pair_date_unique;1;sackmann:wta:tour:2023-W-FC-2023-FLS:116;sackmann:wta:tour:2023-W-FC-2023-FLS:116;07/11/2023;BJK Cup Finals;RR;Hard;3;Leylah Fernandez | Magda Linette;wta/wta_matches_2023.csv;2;VERDADEIRO;VERDADEIRO;VERDADEIRO;VERDADEIRO;confirmed;
20240829-M-US_Open-R64-Otto_Virtanen-Alex_De_Minaur;29/08/2024;US Open;R64;Hard;5;Otto Virtanen | Alex De Minaur;matched;exact_pair_date_unique;1;sackmann:atp:tour:2024-560:176;sackmann:atp:tour:2024-560:176;26/08/2024;Us Open;R64;Hard;5;Alex De Minaur | Otto Virtanen;atp/atp_matches_2024.csv;3;VERDADEIRO;VERDADEIRO;VERDADEIRO;VERDADEIRO;confirmed;
20051118-M-Masters_Cup-RR-Gaston_Gaudio-Fernando_Gonzalez;18/11/2005;Masters Cup;RR;Hard;3;Gaston Gaudio | Fernando Gonzalez;matched;exact_pair_date_unique;1;sackmann:atp:tour:2005-605:14;sackmann:atp:tour:2005-605:14;14/11/2005;Masters Cup;RR;Carpet;3;Gaston Gaudio | Fernando Gonzalez;atp/atp_matches_2005.csv;4;FALSO;VERDADEIRO;VERDADEIRO;VERDADEIRO;confirmed;"Same match; MCP says Hard and context says Carpet."
20240419-W-Stuttgart-QF-Coco_Gauff-Marta_Kostyuk;19/04/2024;Stuttgart;QF;Clay;3;Coco Gauff | Marta Kostyuk;matched;exact_pair_date_unique;1;sackmann:wta:tour:2024-1051:295;sackmann:wta:tour:2024-1051:295;15/04/2024;Stuttgart;QF;Clay;3;Marta Kostyuk | Coco Gauff;wta/wta_matches_2024.csv;4;VERDADEIRO;VERDADEIRO;VERDADEIRO;VERDADEIRO;confirmed;
20180508-M-Madrid_Masters-R32-Grigor_Dimitrov-Milos_Raonic;08/05/2018;Madrid Masters;R32;Clay;3;Grigor Dimitrov | Milos Raonic;matched;exact_pair_date_unique;1;sackmann:atp:tour:2018-M021:274;sackmann:atp:tour:2018-M021:274;07/05/2018;Madrid Masters;R32;Clay;3;Milos Raonic | Grigor Dimitrov;atp/atp_matches_2018.csv;1;VERDADEIRO;VERDADEIRO;VERDADEIRO;VERDADEIRO;confirmed;
20190205-M-Montpellier-R32-Hubert_Hurkacz-Ernests_Gulbis;05/02/2019;Montpellier;R32;Hard;3;Hubert Hurkacz | Ernests Gulbis;matched;exact_pair_date_unique;1;sackmann:atp:tour:2019-0375:283;sackmann:atp:tour:2019-0375:283;04/02/2019;Montpellier;R32;Hard;3;Ernests Gulbis | Hubert Hurkacz;atp/atp_matches_2019.csv;1;VERDADEIRO;VERDADEIRO;VERDADEIRO;VERDADEIRO;confirmed;
20150629-W-Wimbledon-R128-Ana_Ivanovic-Yi_Fan_Xu;29/06/2015;Wimbledon;R128;Grass;3;Ana Ivanovic | Yi Fan Xu;matched;exact_pair_date_unique;1;sackmann:wta:tour:2015-W-SL-GBR-01A-2015:16;sackmann:wta:tour:2015-W-SL-GBR-01A-2015:16;29/06/2015;Wimbledon;R128;Grass;3;Ana Ivanovic | Yi Fan Xu;wta/wta_matches_2015.csv;0;VERDADEIRO;VERDADEIRO;VERDADEIRO;VERDADEIRO;confirmed;
20171021-M-Stockholm-SF-Juan_Martin_Del_Potro-Fernando_Verdasco;21/10/2017;Stockholm;SF;Hard;3;Juan Martin Del Potro | Fernando Verdasco;matched;exact_pair_date_unique;1;sackmann:atp:tour:2017-0429:298;sackmann:atp:tour:2017-0429:298;16/10/2017;Stockholm;SF;Hard;3;Juan Martin del Potro | Fernando Verdasco;atp/atp_matches_2017.csv;5;VERDADEIRO;VERDADEIRO;VERDADEIRO;VERDADEIRO;confirmed;
20221018-W-Guadalajara-R64-Eugenie_Bouchard-Kayla_Day;18/10/2022;Guadalajara;R64;Hard;3;Eugenie Bouchard | Kayla Day;matched;exact_pair_date_unique;1;sackmann:wta:tour:2022-2075:251;sackmann:wta:tour:2022-2075:251;17/10/2022;Guadalajara 2;R64;Hard;3;Eugenie Bouchard | Kayla Day;wta/wta_matches_2022.csv;1;VERDADEIRO;VERDADEIRO;FALSO;VERDADEIRO;confirmed;The name seems differente, but the match seems correct
20220109-M-Melbourne-F-Maxime_Cressy-Rafael_Nadal;09/01/2022;Melbourne;F;Hard;3;Maxime Cressy | Rafael Nadal;matched;exact_pair_date_unique;1;sackmann:atp:tour:2022-9665:300;sackmann:atp:tour:2022-9665:300;03/01/2022;Melbourne;F;Hard;3;Rafael Nadal | Maxime Cressy;atp/atp_matches_2022.csv;6;VERDADEIRO;VERDADEIRO;VERDADEIRO;VERDADEIRO;confirmed;
20130407-W-Charleston-F-Serena_Williams-Jelena_Jankovic;07/04/2013;Charleston;F;Clay;3;Serena Williams | Jelena Jankovic;matched;exact_pair_date_unique;1;sackmann:wta:tour:2013-W-PR-USA-01A-2013:55;sackmann:wta:tour:2013-W-PR-USA-01A-2013:55;01/04/2013;Charleston;F;Clay;3;Serena Williams | Jelena Jankovic;wta/wta_matches_2013.csv;6;VERDADEIRO;VERDADEIRO;VERDADEIRO;VERDADEIRO;confirmed;
20230811-M-Canada_Masters-QF-Jannik_Sinner-Gael_Monfils;11/08/2023;Canada Masters;QF;Hard;3;Jannik Sinner | Gael Monfils;matched;exact_pair_date_unique;1;sackmann:atp:tour:2023-0421:296;sackmann:atp:tour:2023-0421:296;07/08/2023;Canada Masters;QF;Hard;3;Jannik Sinner | Gael Monfils;atp/atp_matches_2023.csv;4;VERDADEIRO;VERDADEIRO;VERDADEIRO;VERDADEIRO;confirmed;
20191007-M-Santo_Domingo_CH-R64-Marcelo_Arevalo-Victor_Estrella;07/10/2019;Santo Domingo CH;R64;Clay;3;Marcelo Arevalo | Victor Estrella;matched;exact_pair_date_unique;1;sackmann:atp:qual_chall:2019-7201:260;sackmann:atp:qual_chall:2019-7201:260;07/10/2019;Santo Domingo CH;R64;Clay;3;Victor Estrella | Marcelo Arevalo;atp/atp_matches_qual_chall_2019.csv;0;VERDADEIRO;VERDADEIRO;VERDADEIRO;VERDADEIRO;confirmed;
20240612-M-Stuttgart-R16-Alexander_Bublik-Hamad_Medjedovic;12/06/2024;Stuttgart;R16;Grass;3;Alexander Bublik | Hamad Medjedovic;matched;exact_pair_date_unique;1;sackmann:atp:tour:2024-0321:288;sackmann:atp:tour:2024-0321:288;10/06/2024;Stuttgart;R16;Grass;3;Alexander Bublik | Hamad Medjedovic;atp/atp_matches_2024.csv;2;VERDADEIRO;VERDADEIRO;VERDADEIRO;VERDADEIRO;confirmed;
19791005-M-Davis_Cup_SF-RR-Ivan_Lendl-Adriano_Panatta;05/10/1979;Davis Cup SF;RR;Clay;5;Ivan Lendl | Adriano Panatta;ambiguous;;2;sackmann:atp:tour:1979-425:52 | sackmann:atp:tour:1979-D037:2;;;;;;;;;;;;;;;
20030904-W-Filderstadt-F-Kim_Clijsters-Justine_Henin;04/09/2003;Filderstadt;F;Hard;3;Kim Clijsters | Justine Henin;canonical_collision;exact_pair_date_unique;1;sackmann:wta:tour:2003-W-SL-USA-01A-2003:127;sackmann:wta:tour:2003-W-SL-USA-01A-2003:127;25/08/2003;US Open;F;Hard;3;Justine Henin | Kim Clijsters;wta/wta_matches_2003.csv;10;VERDADEIRO;VERDADEIRO;FALSO;VERDADEIRO;rejected;Same players, same year, same round, same surface but differente tournament
19751219-M-Davis_Cup_World_Group_F-RR-Bjorn_Borg-Jiri_Hrebec;19/12/1975;Davis Cup World Group F;RR;Hard;3;Bjorn Borg | Jiri Hrebec;conflicting_context;exact_pair_date_unique;1;sackmann:atp:tour:1975-D056:1;sackmann:atp:tour:1975-D056:1;19/12/1975;Davis Cup WG F: SWE vs TCH;RR;Carpet;5;Bjorn Borg | Jiri Hrebec;atp/atp_matches_1975.csv;0;FALSO;VERDADEIRO;FALSO;FALSO;confirmed;Correct but wrong torunament name and surface mixed hard with carpet
19790928-W-US_Open-F-Tracy_Austin-Chris_Evert;28/09/1979;US Open;F;Hard;3;Tracy Austin | Chris Evert;unresolved_date_window;;0;sackmann:wta:tour:1977-W-SL-GBR-01A-1977:65 | sackmann:wta:tour:1978-W-SL-USA-01A-1978:92 | sackmann:wta:tour:1978-W-WT-USA-14A-1978:30 | sackmann:wta:tour:1979-1017:2 | sackmann:wta:tour:1979-W-SL-USA-01A-1979:95 | sackmann:wta:tour:1979-W-WT-FRG-02A-1979:30 | sackmann:wta:tour:1979-W-WT-ITA-01A-1979:29 | sackmann:wta:tour:1979-W-WT-USA-12A-1979:6 | sackmann:wta:tour:1979-W-WT-USA-17A-1979:31 | sackmann:wta:tour:1980-W-SL-USA-01A-1980:95 | sackmann:wta:tour:1980-W-WT-USA-01A-1980:14 | sackmann:wta:tour:1980-W-WT-USA-01A-1980:5 | sackmann:wta:tour:1980-W-WT-USA-02A-1980:31 | sackmann:wta:tour:1981-W-WT-CAN-01A-1981:55 | sackmann:wta:tour:1981-W-WT-USA-24A-1981:12 | sackmann:wta:tour:1981-W-WT-USA-24A-1981:6 | sackmann:wta:tour:1982-W-WT-USA-28A-1982:10;;;;;;;;;;;;;;;
19600529-M-Roland_Garros-F-Nicola_Pietrangeli-Luis_Ayala;29/05/1960;Roland Garros;F;Clay;5;Nicola Pietrangeli | Luis Ayala;unresolved_pair;;0;;;;;;;;;;;;;;;;
19820113-M-Tour_Finals-F-Vitas_Gerulaitis-Ivan_Lendl;13/01/1982;Tour Finals;F;Hard;5;Vitas Gerulaitis | Ivan Lendl;ambiguous;;2;sackmann:atp:tour:1981-605:2 | sackmann:atp:tour:1981-605:5;;;;;;;;;;;;;;;
20030906-W-US_Open-F-Kim_Clijsters-Justine_Henin;06/09/2003;US Open;F;Hard;3;Kim Clijsters | Justine Henin;canonical_collision;exact_pair_date_unique;1;sackmann:wta:tour:2003-W-SL-USA-01A-2003:127;sackmann:wta:tour:2003-W-SL-USA-01A-2003:127;25/08/2003;US Open;F;Hard;3;Justine Henin | Kim Clijsters;wta/wta_matches_2003.csv;12;VERDADEIRO;VERDADEIRO;VERDADEIRO;VERDADEIRO;confirmed;
19780108-M-Tour_Finals-F-Bjorn_Borg-Jimmy_Connors;08/01/1978;Tour Finals;F;Hard;3;Bjorn Borg | Jimmy Connors;conflicting_context;exact_pair_date_unique;1;sackmann:atp:tour:1977-605:7;sackmann:atp:tour:1977-605:7;04/01/1978;Masters;F;Carpet;3;Jimmy Connors | Bjorn Borg;atp/atp_matches_1977.csv;4;FALSO;VERDADEIRO;FALSO;VERDADEIRO;confirmed;"Same match; MCP says Hard and context says Carpet."
19850106-M-Young_Masters-F-Boris_Becker-Stefan_Edberg;06/01/1985;Young Masters;F;Hard;5;Boris Becker | Stefan Edberg;unresolved_date_window;;0;sackmann:atp:tour:1984-332:16 | sackmann:atp:tour:1985-401:277 | sackmann:atp:tour:1985-413:24 | sackmann:atp:tour:1985-D035:2 | sackmann:atp:tour:1986-421:55 | sackmann:atp:tour:1986-428:31 | sackmann:atp:tour:1986-605:8 | sackmann:atp:tour:1986-610:10 | sackmann:atp:tour:1987-404:55 | sackmann:atp:tour:1987-421:54 | sackmann:atp:tour:1987-422:63 | sackmann:atp:tour:1988-311:63 | sackmann:atp:tour:1988-540:127 | sackmann:atp:tour:1988-605:1 | sackmann:atp:tour:1988-610:7 | sackmann:atp:tour:1988-D032:2 | sackmann:atp:tour:1989-352:31 | sackmann:atp:tour:1989-520:126 | sackmann:atp:tour:1989-540:127 | sackmann:atp:tour:1989-605:10 | sackmann:atp:tour:1989-605:12 | sackmann:atp:tour:1989-D042:2 | sackmann:atp:tour:1990-311:54 | sackmann:atp:tour:1990-352:47 | sackmann:atp:tour:1990-427:47 | sackmann:atp:tour:1990-429:47 | sackmann:atp:tour:1990-540:127 | sackmann:atp:tour:1991-429:47 | sackmann:atp:tour:1992-406:29 | sackmann:atp:tour:1992-605:9 | sackmann:atp:tour:1993-451:29 | sackmann:atp:tour:1994-605:5 | sackmann:atp:tour:1995-328:25 | sackmann:atp:tour:1996-311:55 | sackmann:atp:tour:1996-451:16;;;;;;;;;;;;;;;
19600704-M-Wimbledon-F-Rod_Laver-Neale_Fraser;04/07/1960;Wimbledon;F;Grass;5;Rod Laver | Neale Fraser;unresolved_pair;;0;;;;;;;;;;;;;;;;
19850818-M-Canada_Masters-F-John_Mcenroe-Ivan_Lendl;18/08/1985;Canada Masters;F;Hard;3;John Mcenroe | Ivan Lendl;ambiguous;;2;sackmann:atp:tour:1985-420:300 | sackmann:atp:tour:1985-421:55;;;;;;;;;;;;;;;
20190311-M-Indian_Wells_Masters-R32-Ivo_Karlovic-Prajnesh_Gunneswaran;11/03/2019;Indian Wells Masters;R32;Hard;3;Ivo Karlovic | Prajnesh Gunneswaran;canonical_collision;exact_pair_date_unique;1;sackmann:atp:tour:2019-M006:283;sackmann:atp:tour:2019-M006:283;04/03/2019;Indian Wells Masters;R32;Hard;3;Ivo Karlovic | Prajnesh Gunneswaran;atp/atp_matches_2019.csv;7;VERDADEIRO;VERDADEIRO;VERDADEIRO;VERDADEIRO;confirmed;
19800112-M-Tour_Finals-SF-Vitas_Gerulaitis-Jimmy_Connors;12/01/1980;Tour Finals;SF;Hard;3;Vitas Gerulaitis | Jimmy Connors;conflicting_context;exact_pair_date_unique;1;sackmann:atp:tour:1979-605:7;sackmann:atp:tour:1979-605:7;09/01/1980;Masters;SF;Carpet;3;Vitas Gerulaitis | Jimmy Connors;atp/atp_matches_1979.csv;3;FALSO;VERDADEIRO;FALSO;VERDADEIRO;confirmed;"Same match; MCP says Hard and context says Carpet."
19851103-M-Antwerp-F-John_Mcenroe-Ivan_Lendl;03/11/1985;Antwerp;F;Hard;5;John Mcenroe | Ivan Lendl;unresolved_date_window;;0;sackmann:atp:tour:1980-408:29 | sackmann:atp:tour:1980-560:296 | sackmann:atp:tour:1981-520:123 | sackmann:atp:tour:1981-605:4 | sackmann:atp:tour:1981-D052:1 | sackmann:atp:tour:1982-421:61 | sackmann:atp:tour:1982-560:299 | sackmann:atp:tour:1982-605:11 | sackmann:atp:tour:1982-610:7 | sackmann:atp:tour:1983-401:47 | sackmann:atp:tour:1983-424:31 | sackmann:atp:tour:1983-540:299 | sackmann:atp:tour:1983-605:11 | sackmann:atp:tour:1983-610:11 | sackmann:atp:tour:1984-401:300 | sackmann:atp:tour:1984-406:31 | sackmann:atp:tour:1984-415:51 | sackmann:atp:tour:1984-520:127 | sackmann:atp:tour:1984-560:300 | sackmann:atp:tour:1984-605:11 | sackmann:atp:tour:1984-615:4 | sackmann:atp:tour:1985-415:63 | sackmann:atp:tour:1985-420:300 | sackmann:atp:tour:1985-421:55 | sackmann:atp:tour:1985-560:300 | sackmann:atp:tour:1985-615:7 | sackmann:atp:tour:1987-560:121 | sackmann:atp:tour:1988-520:113 | sackmann:atp:tour:1989-421:55 | sackmann:atp:tour:1989-580:124 | sackmann:atp:tour:1989-605:3 | sackmann:atp:tour:1989-610:5 | sackmann:atp:tour:1990-302:53 | sackmann:atp:tour:1990-311:53 | sackmann:atp:tour:1991-441:30 | sackmann:atp:tour:1992-421:50;;;;;;;;;;;;;;;
19930924-M-Davis_Cup_World_Group_SF-RR-Mark_Kevin_Goellner-Stefan_Edberg;24/09/1993;Davis Cup World Group SF;RR;Clay;5;Mark Kevin Goellner | Stefan Edberg;unresolved_pair;;0;;;;;;;;;;;;;;;;
19871204-M-Tour_Finals-RR-Mats_Wilander-Stefan_Edberg;04/12/1987;Tour Finals;RR;Hard;3;Mats Wilander | Stefan Edberg;ambiguous;;2;sackmann:atp:tour:1987-605:10 | sackmann:atp:tour:1987-605:12;;;;;;;;;;;;;;;
20190319-M-Indian_Wells_Masters-R32-Ivo_Karlovic-Prajnesh_Gunneswaran;19/03/2019;Indian Wells Masters;R32;Hard;3;Ivo Karlovic | Prajnesh Gunneswaran;canonical_collision;exact_pair_date_unique;1;sackmann:atp:tour:2019-M006:283;sackmann:atp:tour:2019-M006:283;04/03/2019;Indian Wells Masters;R32;Hard;3;Ivo Karlovic | Prajnesh Gunneswaran;atp/atp_matches_2019.csv;15;VERDADEIRO;VERDADEIRO;VERDADEIRO;VERDADEIRO;confirmed;
19800113-M-Tour_Finals-F-Vitas_Gerulaitis-Bjorn_Borg;13/01/1980;Tour Finals;F;Hard;3;Vitas Gerulaitis | Bjorn Borg;conflicting_context;exact_pair_date_unique;1;sackmann:atp:tour:1979-605:8;sackmann:atp:tour:1979-605:8;09/01/1980;Masters;F;Carpet;3;Bjorn Borg | Vitas Gerulaitis;atp/atp_matches_1979.csv;4;FALSO;VERDADEIRO;FALSO;VERDADEIRO;confirmed;"Same match; MCP says Hard and context says Carpet."
19851227-M-Suntory_Cup-F-John_Mcenroe-Ivan_Lendl;27/12/1985;Suntory Cup;F;Hard;3;John Mcenroe | Ivan Lendl;unresolved_date_window;;0;sackmann:atp:tour:1980-408:29 | sackmann:atp:tour:1980-560:296 | sackmann:atp:tour:1981-520:123 | sackmann:atp:tour:1981-605:4 | sackmann:atp:tour:1981-D052:1 | sackmann:atp:tour:1982-421:61 | sackmann:atp:tour:1982-560:299 | sackmann:atp:tour:1982-605:11 | sackmann:atp:tour:1982-610:7 | sackmann:atp:tour:1983-401:47 | sackmann:atp:tour:1983-424:31 | sackmann:atp:tour:1983-540:299 | sackmann:atp:tour:1983-605:11 | sackmann:atp:tour:1983-610:11 | sackmann:atp:tour:1984-401:300 | sackmann:atp:tour:1984-406:31 | sackmann:atp:tour:1984-415:51 | sackmann:atp:tour:1984-520:127 | sackmann:atp:tour:1984-560:300 | sackmann:atp:tour:1984-605:11 | sackmann:atp:tour:1984-615:4 | sackmann:atp:tour:1985-415:63 | sackmann:atp:tour:1985-420:300 | sackmann:atp:tour:1985-421:55 | sackmann:atp:tour:1985-560:300 | sackmann:atp:tour:1985-615:7 | sackmann:atp:tour:1987-560:121 | sackmann:atp:tour:1988-520:113 | sackmann:atp:tour:1989-421:55 | sackmann:atp:tour:1989-580:124 | sackmann:atp:tour:1989-605:3 | sackmann:atp:tour:1989-610:5 | sackmann:atp:tour:1990-302:53 | sackmann:atp:tour:1990-311:53 | sackmann:atp:tour:1991-441:30 | sackmann:atp:tour:1992-421:50;;;;;;;;;;;;;;;
20011214-M-St_Anton_EXH-RR-Roger_Federer-Markus_Hipfl;14/12/2001;St Anton EXH;RR;Hard;3;Roger Federer | Markus Hipfl;unresolved_pair;;0;;;;;;;;;;;;;;;;
19881216-M-Davis_Cup_World_Group_F-RR-Stefan_Edberg-Boris_Becker;16/12/1988;Davis Cup World Group F;RR;Clay;5;Stefan Edberg | Boris Becker;ambiguous;;2;sackmann:atp:tour:1988-605:1 | sackmann:atp:tour:1988-D032:2;;;;;;;;;;;;;;;
20240124-M-Ottignies-Louvain-la-Neuve_CH-R32-Adrian_Andreev-Benjamin_Bonzi;24/01/2024;Ottignies-Louvain-la-Neuve CH;R32;Hard;3;Adrian Andreev | Benjamin Bonzi;canonical_collision;exact_pair_date_unique;1;sackmann:atp:qual_chall:2024-2837:270;sackmann:atp:qual_chall:2024-2837:270;22/01/2024;Ottignies-Louvain-la-Neuve CH;R32;Hard;3;Adrian Andreev | Benjamin Bonzi;atp/atp_matches_qual_chall_2024.csv;2;VERDADEIRO;VERDADEIRO;VERDADEIRO;VERDADEIRO;confirmed;
19801205-M-Davis_Cup_World_Group_F-RR-Tomas_Smid-Adriano_Panatta;05/12/1980;Davis Cup World Group F;RR;Hard;5;Tomas Smid | Adriano Panatta;conflicting_context;exact_pair_date_unique;1;sackmann:atp:tour:1980-D023:1;sackmann:atp:tour:1980-D023:1;05/12/1980;Davis Cup WG F: TCH vs ITA;RR;Carpet;5;Tomas Smid | Adriano Panatta;atp/atp_matches_1980.csv;0;FALSO;VERDADEIRO;FALSO;VERDADEIRO;confirmed;"Same match; MCP says Hard and context says Carpet."
19880524-M-Monte_Carlo_Masters-F-Martin_Jaite-Ivan_Lendl;24/05/1988;Monte Carlo Masters;F;Clay;5;Martin Jaite | Ivan Lendl;unresolved_date_window;;0;sackmann:atp:tour:1985-419:49 | sackmann:atp:tour:1985-520:124 | sackmann:atp:tour:1988-410:47;;;;;;;;;;;;;;;
20120106-M-Doha_EXH-RR-Jo_Wilfried_Tsonga-Stefan_Edberg;06/01/2012;Doha EXH;RR;Hard;3;Jo Wilfried Tsonga | Stefan Edberg;unresolved_pair;;0;;;;;;;;;;;;;;;;
